{"count":1,"gauges":{},"self":16242.4356864,"total":30517.0110722,"children":{"AgentResetIfDone":{"count":13802668,"self":493.8771456,"total":493.8771624,"children":null},"AgentSendState":{"count":13802668,"self":371.6911872,"total":2895.5733821,"children":{"CollectObservations":{"count":18112460,"self":2523.8820864,"total":2523.8821887,"children":null}}},"DecideAction":{"count":13802668,"self":10164.010188799999,"total":10275.4362447,"children":{"AgentInfo.ToProto":{"count":500005,"self":111.42570239999999,"total":111.4256983,"children":null}}},"AcademyStep":{"count":13802668,"self":77.263455999999991,"total":77.263454799999991,"children":null},"AgentAct":{"count":13802668,"self":532.4234752,"total":532.4234865,"children":null}}}