{"count":1,"self":117.6735104,"total":980.5775284,"children":{"InitializeActuators":{"count":14,"self":0.0010027999999999999,"total":0.0010027999999999999,"children":null},"InitializeSensors":{"count":14,"self":0.014543599999999999,"total":0.014543599999999999,"children":null},"AgentSendState":{"count":17476,"self":14.3337024,"total":161.0596104,"children":{"CollectObservations":{"count":99554,"self":0.37754869999999996,"total":0.37754869999999996,"children":null},"WriteActionMask":{"count":99554,"self":122.6788608,"total":122.6788617,"children":null},"RequestDecision":{"count":99554,"self":1.3052873,"total":23.6694978,"children":{"AgentInfo.ToProto":{"count":99554,"self":0.93044779999999994,"total":22.3642105,"children":{"GenerateSensorData":{"count":99554,"self":21.433763199999998,"total":21.4337627,"children":null}}}}}}},"DecideAction":{"count":17476,"self":1.2955824999999999,"total":274.805654,"children":{"Barracuda Decide Action":{"count":244664,"self":273.5100672,"total":273.5100715,"children":null}}},"AgentAct":{"count":17476,"self":426.9936896,"total":427.00732489999996,"children":{"AgentInfo.ToProto":{"count":70,"self":0,"total":0.0136294,"children":{"GenerateSensorData":{"count":70,"self":0.0136294,"total":0.0136294,"children":null}}}}},"AgentInfo.ToProto":{"count":98,"self":0.0020036999999999998,"total":0.0148805,"children":{"GenerateSensorData":{"count":98,"self":0.012876799999999999,"total":0.012876799999999999,"children":null}}}},"gauges":{"Adventurer.CumulativeReward":{"count":120,"max":0.62,"min":0,"runningAverage":0.100083306,"value":0,"weightedAverage":1.00894084E-07},"ShopAgent.CumulativeReward":{"count":48,"max":7.632001,"min":0,"runningAverage":1.02450013,"value":0,"weightedAverage":0.002514837}},"metadata":{"timer_format_version":"0.1.0","start_time_seconds":"1703286163","unity_version":"2021.3.16f1","command_line_arguments":"C:\\Program Files\\Unity\\Hub\\Editor\\2021.3.16f1\\Editor\\Unity.exe -projectpath C:\\Users\\conor\\Documents\\GitHub\\economy_research -useHub -hubIPC -cloudEnvironment production","communication_protocol_version":"1.5.0","com.unity.ml-agents_version":"2.3.0-exp.4","scene_name":"EconomyScene","end_time_seconds":"1703287143"}}