{"count":1,"self":20.716073599999998,"total":21.3667084,"children":{"InitializeSensors":{"count":2,"self":0.0010004999999999999,"total":0.0010004999999999999,"children":null},"AgentSendState":{"count":783,"self":0.0058956999999999994,"total":0.3025913,"children":{"CollectObservations":{"count":1110,"self":0.0058503999999999995,"total":0.0058503999999999995,"children":null},"CollectDiscreteActionMasks":{"count":1110,"self":0.00050809999999999994,"total":0.00050809999999999994,"children":null},"RequestDecision":{"count":1110,"self":0.2903371,"total":0.2903371,"children":null}}},"DecideAction":{"count":783,"self":0.3440725,"total":0.3440725,"children":null},"AgentAct":{"count":783,"self":0.0020009999999999997,"total":0.0020009999999999997,"children":null}},"gauges":{},"metadata":{"timer_format_version":"0.1.0","start_time_seconds":"1597084241","unity_version":"2020.1.1f1","command_line_arguments":"C:\\Program Files\\Unity\\Hub\\Editor\\2020.1.1f1\\Editor\\Unity.exe -projectpath D:\/economy_research\/economy_research -useHub -hubIPC -cloudEnvironment production -hubSessionId 4d0a09b0-db0e-11ea-ae4f-4dd32ac926b8 -accessToken OyzshWoAkRGcSULmGitORZ9uv9cAIcehGNP4FyKBmKY005f","communication_protocol_version":"1.0.0","com.unity.ml-agents_version":"1.2.0-preview","scene_name":"EconomyScene","end_time_seconds":"1597084263"}}