{"count":1,"self":19.6291376,"total":307.2899956,"children":{"InitializeActuators":{"count":90,"self":0.0010008,"total":0.0010008,"children":null},"InitializeSensors":{"count":90,"self":0.052789499999999996,"total":0.052789499999999996,"children":null},"AgentSendState":{"count":5121,"self":34.0856192,"total":103.7437458,"children":{"CollectObservations":{"count":128090,"self":0.63901299999999994,"total":0.63901299999999994,"children":null},"WriteActionMask":{"count":128090,"self":60.724934399999995,"total":60.724931399999996,"children":null},"RequestDecision":{"count":128090,"self":1.2129360999999999,"total":8.2941837,"children":{"AgentInfo.ToProto":{"count":128090,"self":0.92702319999999994,"total":7.0812475999999993,"children":{"GenerateSensorData":{"count":128090,"self":6.1542243999999995,"total":6.1542243999999995,"children":null}}}}}}},"DecideAction":{"count":5121,"self":98.2976704,"total":98.2976699,"children":null},"AgentAct":{"count":5121,"self":85.56465279999999,"total":85.5646507,"children":null}},"gauges":{},"metadata":{"timer_format_version":"0.1.0","start_time_seconds":"1634824190","unity_version":"2020.3.18f1","command_line_arguments":"C:\\Program Files\\Unity\\Hub\\Editor\\2020.3.18f1\\Editor\\Unity.exe -projectpath C:\/Users\/Conor\/Downloads\/Github\/Phd\/economy_research -useHub -hubIPC -cloudEnvironment production -hubSessionId 6804bc00-3261-11ec-8448-4ddd4bcf784f -accessToken E1XgqpJI8s_XgnKwbWofoGZF8UBj6emSVZ2WKZ66nlI005f","communication_protocol_version":"1.5.0","com.unity.ml-agents_version":"2.1.0-exp.1","scene_name":"EconomyScene","end_time_seconds":"1634824498"}}