{"count":1,"self":5326.7656704,"total":51543.4599914,"children":{"InitializeActuators":{"count":2,"self":0.001001,"total":0.001001,"children":null},"InitializeSensors":{"count":2,"self":0.0030023999999999997,"total":0.0030023999999999997,"children":null},"AgentSendState":{"count":3661734,"self":11193.6233472,"total":16848.119122,"children":{"CollectObservations":{"count":732348,"self":4.7313703999999994,"total":4.7313702,"children":null},"WriteActionMask":{"count":732348,"self":5014.0782592,"total":5014.0781539,"children":null},"RequestDecision":{"count":732348,"self":8.5626743999999988,"total":635.6861131,"children":{"AgentInfo.ToProto":{"count":732348,"self":9.2165824,"total":627.1234387,"children":{"GenerateSensorData":{"count":732348,"self":617.9068416,"total":617.906856,"children":null}}}}}}},"DecideAction":{"count":3661734,"self":23747.744563199998,"total":23747.7453049,"children":null},"AgentAct":{"count":3661734,"self":5620.4541952,"total":5620.8250696,"children":{"AgentInfo.ToProto":{"count":366,"self":0.0080068999999999991,"total":0.370932,"children":{"GenerateSensorData":{"count":366,"self":0.3629251,"total":0.3629251,"children":null}}}}}},"gauges":{"Adventurer.CumulativeReward":{"count":366,"max":30.70008,"min":0.4,"runningAverage":28.82412,"value":30.200079,"weightedAverage":30.2995758}},"metadata":{"timer_format_version":"0.1.0","start_time_seconds":"1635184408","unity_version":"2020.3.18f1","command_line_arguments":"C:\\Program Files\\Unity\\Hub\\Editor\\2020.3.18f1\\Editor\\Unity.exe -projectpath C:\/Users\/Conor\/Downloads\/Github\/Phd\/economy_research -useHub -hubIPC -cloudEnvironment production -hubSessionId 6804bc00-3261-11ec-8448-4ddd4bcf784f -accessToken 0-oAZ4bHrSsfberpF6q-5PVoqGQR1IMyuWmB4-6vkAI005f","communication_protocol_version":"1.5.0","com.unity.ml-agents_version":"2.1.0-exp.1","scene_name":"EconomyScene","end_time_seconds":"1635235951"}}