{"count":1,"self":14.7685328,"total":15.1586456,"children":{"InitializeSensors":{"count":1,"self":0.0010002,"total":0.0010002,"children":null},"AgentSendState":{"count":494,"self":0.0055756,"total":0.12922419999999998,"children":{"CollectObservations":{"count":475,"self":0.0054789999999999995,"total":0.0054789999999999995,"children":null},"CollectDiscreteActionMasks":{"count":475,"self":0.00082889999999999993,"total":0.00082889999999999993,"children":null},"RequestDecision":{"count":475,"self":0.11734069999999999,"total":0.11734069999999999,"children":null}}},"DecideAction":{"count":494,"self":0.25191589999999997,"total":0.25191589999999997,"children":null},"AgentAct":{"count":494,"self":0.0069704999999999993,"total":0.0069704999999999993,"children":null}},"gauges":{},"metadata":{"timer_format_version":"0.1.0","start_time_seconds":"1597583114","unity_version":"2020.1.1f1","command_line_arguments":"C:\\Program Files\\Unity\\Hub\\Editor\\2020.1.1f1\\Editor\\Unity.exe -projectpath D:\/economy_research\/economy_research -useHub -hubIPC -cloudEnvironment production -hubSessionId a51ea020-dfaf-11ea-9c41-a917b3c1bb32 -accessToken vkrB73hj6xtCV9BKcJ4Bkc_rAuMshFlcfAm90bwlvzk005f","communication_protocol_version":"1.0.0","com.unity.ml-agents_version":"1.2.0-preview","scene_name":"EconomyScene","end_time_seconds":"1597583129"}}