{"count":1,"self":1018.3474176,"total":3143.7843083999996,"children":{"InitializeActuators":{"count":18,"self":0.0015030999999999998,"total":0.0015030999999999998,"children":null},"InitializeSensors":{"count":18,"self":0.018279399999999998,"total":0.018279399999999998,"children":null},"AgentSendState":{"count":426634,"self":36.265801599999996,"total":94.1937468,"children":{"CollectObservations":{"count":146637,"self":0.6347638,"total":0.6347638,"children":null},"WriteActionMask":{"count":146637,"self":17.1909152,"total":17.1909149,"children":null},"RequestDecision":{"count":146637,"self":1.7153108,"total":40.1022669,"children":{"AgentInfo.ToProto":{"count":146637,"self":1.3040542,"total":38.386956,"children":{"GenerateSensorData":{"count":146637,"self":37.0829024,"total":37.082901799999995,"children":null}}}}}}},"DecideAction":{"count":426634,"self":22.6620864,"total":2003.5891053999999,"children":{"Barracuda Decide Action":{"count":7679412,"self":1980.926976,"total":1980.9270185999999,"children":null}}},"AgentAct":{"count":426634,"self":27.6192192,"total":27.6192206,"children":null},"AgentInfo.ToProto":{"count":57,"self":0.0010065999999999999,"total":0.0150218,"children":{"GenerateSensorData":{"count":57,"self":0.0140152,"total":0.0140152,"children":null}}}},"gauges":{"Adventurer.CumulativeReward":{"count":15,"max":0.22,"min":0,"runningAverage":0.037333332,"value":0.22,"weightedAverage":0.09156409},"ShopAgent.CumulativeReward":{"count":42,"max":0.4,"min":0,"runningAverage":0.0190476254,"value":0,"weightedAverage":4.190243E-06}},"metadata":{"timer_format_version":"0.1.0","start_time_seconds":"1702311406","unity_version":"2021.3.16f1","command_line_arguments":"C:\\Program Files\\Unity\\Hub\\Editor\\2021.3.16f1\\Editor\\Unity.exe -projectpath C:\\Users\\conor\\Documents\\GitHub\\economy_research -useHub -hubIPC -cloudEnvironment production","communication_protocol_version":"1.5.0","com.unity.ml-agents_version":"2.3.0-exp.4","scene_name":"EconomyScene","end_time_seconds":"1702314549"}}