{"count":1,"self":365.7565952,"total":37183.5400141,"children":{"InitializeActuators":{"count":18,"self":0.0039878,"total":0.0039878,"children":null},"InitializeSensors":{"count":18,"self":0.0080252999999999991,"total":0.0080252999999999991,"children":null},"AgentSendState":{"count":332001,"self":971.4874368,"total":15492.5611816,"children":{"CollectObservations":{"count":2988018,"self":15.089273599999999,"total":15.0892732,"children":null},"WriteActionMask":{"count":2988018,"self":14318.9704704,"total":14318.9707556,"children":null},"RequestDecision":{"count":2988018,"self":29.5663104,"total":187.0137178,"children":{"AgentInfo.ToProto":{"count":2988018,"self":22.700471999999998,"total":157.44740679999998,"children":{"GenerateSensorData":{"count":2988018,"self":134.7469312,"total":134.74693489999999,"children":null}}}}}}},"DecideAction":{"count":332001,"self":2645.6408063999997,"total":2645.6407534,"children":null},"AgentAct":{"count":332001,"self":18679.5556864,"total":18679.5694787,"children":{"AgentInfo.ToProto":{"count":264,"self":0.0010017,"total":0.0140235,"children":{"GenerateSensorData":{"count":264,"self":0.0130218,"total":0.0130218,"children":null}}}}}},"gauges":{"Adventurer.CumulativeReward":{"count":264,"max":3,"min":0,"runningAverage":0.08825752,"value":0,"weightedAverage":1.77387781E-13}},"metadata":{"timer_format_version":"0.1.0","start_time_seconds":"1634854075","unity_version":"2020.3.18f1","command_line_arguments":"C:\\Program Files\\Unity\\Hub\\Editor\\2020.3.18f1\\Editor\\Unity.exe -projectpath C:\/Users\/Conor\/Downloads\/Github\/Phd\/economy_research -useHub -hubIPC -cloudEnvironment production -hubSessionId 6804bc00-3261-11ec-8448-4ddd4bcf784f -accessToken yVW36QpyNucdsMPBmS81pcae86rgF40es_7P29AmaQE005f","communication_protocol_version":"1.5.0","com.unity.ml-agents_version":"2.1.0-exp.1","scene_name":"EconomyScene","end_time_seconds":"1634891258"}}