{"count":1,"self":161.8143488,"total":13913.438332799999,"children":{"InitializeActuators":{"count":7,"self":0.0020001999999999997,"total":0.0020001999999999997,"children":null},"InitializeSensors":{"count":7,"self":0.0158125,"total":0.0158125,"children":null},"AgentSendState":{"count":309050,"self":1736.8969215999998,"total":2677.6322249,"children":{"CollectObservations":{"count":576895,"self":4.476826,"total":4.476826,"children":null},"WriteActionMask":{"count":576895,"self":862.16468479999992,"total":862.1646562,"children":null},"RequestDecision":{"count":576895,"self":13.510024,"total":74.093824599999991,"children":{"AgentInfo.ToProto":{"count":576895,"self":8.6974816,"total":60.5838008,"children":{"GenerateSensorData":{"count":576895,"self":51.88632,"total":51.8863193,"children":null}}}}}}},"DecideAction":{"count":309050,"self":10194.9505536,"total":10194.950458199999,"children":null},"AgentAct":{"count":309050,"self":878.99883519999992,"total":879.0144371,"children":{"AgentInfo.ToProto":{"count":158,"self":0.0075616999999999993,"total":0.0155877,"children":{"GenerateSensorData":{"count":158,"self":0.008026,"total":0.008026,"children":null}}}}}},"gauges":{"Adventurer.CumulativeReward":{"count":158,"max":2.48999858,"min":-1.91999853,"runningAverage":-0.0344937146,"value":1.909999,"weightedAverage":1.24739277}},"metadata":{"timer_format_version":"0.1.0","start_time_seconds":"1693048038","unity_version":"2021.3.16f1","command_line_arguments":"C:\\Program Files\\Unity\\Hub\\Editor\\2021.3.16f1\\Editor\\Unity.exe -projectpath C:\\Users\\conor\\Documents\\GitHub\\economy_research -useHub -hubIPC -cloudEnvironment production","communication_protocol_version":"1.5.0","com.unity.ml-agents_version":"2.3.0-exp.4","scene_name":"EconomyScene-SkipRequest","end_time_seconds":"1693061951"}}