{"count":1,"self":276.2646272,"total":4341.7808085999995,"children":{"InitializeActuators":{"count":14,"self":0.0015019,"total":0.0015019,"children":null},"InitializeSensors":{"count":14,"self":0.016876699999999998,"total":0.016876699999999998,"children":null},"AgentSendState":{"count":33800,"self":11.031818399999999,"total":296.9856191,"children":{"CollectObservations":{"count":166544,"self":0.48062639999999995,"total":0.48062639999999995,"children":null},"WriteActionMask":{"count":166544,"self":250.4374272,"total":250.437421,"children":null},"RequestDecision":{"count":166544,"self":1.8879591999999998,"total":35.0357536,"children":{"AgentInfo.ToProto":{"count":166544,"self":1.7360347999999999,"total":33.147794399999995,"children":{"GenerateSensorData":{"count":166544,"self":31.411759999999997,"total":31.4117595,"children":null}}}}}}},"DecideAction":{"count":33800,"self":3649.7158144,"total":3649.7157837,"children":null},"AgentAct":{"count":33800,"self":118.7818368,"total":118.7818392,"children":null},"AgentInfo.ToProto":{"count":84,"self":0.0020015,"total":0.014559299999999999,"children":{"GenerateSensorData":{"count":84,"self":0.0125578,"total":0.0125578,"children":null}}}},"gauges":{"Adventurer.CumulativeReward":{"count":60,"max":0.4,"min":0,"runningAverage":0.0916666761,"value":0.2,"weightedAverage":0.107377812},"ShopAgent.CumulativeReward":{"count":24,"max":1.18386841,"min":-0.02437021,"runningAverage":0.538736761,"value":-0.01606976,"weightedAverage":0.3952965}},"metadata":{"timer_format_version":"0.1.0","start_time_seconds":"1703926456","unity_version":"2022.3.11f1","command_line_arguments":"C:\\Program Files\\Unity\\Hub\\Editor\\2022.3.11f1\\Editor\\Unity.exe -projectpath C:\\Users\\conor\\Documents\\GitHub\\economy_research -useHub -hubIPC -cloudEnvironment production -licensingIpc LicenseClient-conor -hubSessionId f882dc1d-ac06-4272-9759-d4476541746a -accessToken U1Sh4y6l8fLUKrCNJQ6D3C5D5SaWJgDZREUTqi0XZvs005f","communication_protocol_version":"1.5.0","com.unity.ml-agents_version":"2.1.0-exp.1","scene_name":"EconomyScene","end_time_seconds":"1703930798"}}