{"count":1,"self":1026.1825536,"total":12002.917618399999,"children":{"InitializeActuators":{"count":50,"self":0.0010011,"total":0.0010011,"children":null},"InitializeSensors":{"count":50,"self":0.0070056999999999993,"total":0.0070056999999999993,"children":null},"AgentSendState":{"count":168330,"self":284.8358144,"total":5315.2581733,"children":{"CollectObservations":{"count":841650,"self":4.4752728,"total":4.4752729,"children":null},"WriteActionMask":{"count":841650,"self":4994.4969216,"total":4994.4969741999994,"children":null},"RequestDecision":{"count":841650,"self":8.8300152,"total":31.450101999999998,"children":{"AgentInfo.ToProto":{"count":841650,"self":7.0388183999999994,"total":22.6200868,"children":{"GenerateSensorData":{"count":841650,"self":15.5812688,"total":15.581268199999998,"children":null}}}}}}},"DecideAction":{"count":168330,"self":31.962806399999998,"total":850.4185301,"children":{"Barracuda Decide Action":{"count":8416500,"self":818.4557056,"total":818.45572399999992,"children":null}}},"AgentAct":{"count":168330,"self":4811.026432,"total":4811.0504034,"children":{"AgentInfo.ToProto":{"count":800,"self":0.0110092,"total":0.024022099999999998,"children":{"GenerateSensorData":{"count":800,"self":0.013012899999999999,"total":0.013012899999999999,"children":null}}}}}},"gauges":{"Adventurer.CumulativeReward":{"count":800,"max":0,"min":0,"runningAverage":0,"value":0,"weightedAverage":0}},"metadata":{"timer_format_version":"0.1.0","start_time_seconds":"1654114210","unity_version":"2021.3.1f1","command_line_arguments":"C:\\Program Files\\Unity\\Hub\\Editor\\2021.3.1f1\\Editor\\Unity.exe -projectpath C:\\Users\\Conor\\Documents\\Phd\\economy_research -useHub -hubIPC -cloudEnvironment production -licensingIpc LicenseClient-Conor -hubSessionId 1bd7a540-e1cf-11ec-a054-333cee6a0567","communication_protocol_version":"1.5.0","com.unity.ml-agents_version":"2.1.0-exp.1","scene_name":"Intransitive","end_time_seconds":"1654126213"}}