{"count":1,"self":32.0808576,"total":32.955762799999995,"children":{"InitializeActuators":{"count":30,"self":0.0019997,"total":0.0019997,"children":null},"InitializeSensors":{"count":30,"self":0.0059996,"total":0.0059996,"children":null},"AgentSendState":{"count":401,"self":0.39149429999999996,"total":0.8386844,"children":{"CollectObservations":{"count":3876,"self":0.0099589999999999991,"total":0.0099589999999999991,"children":null},"WriteActionMask":{"count":3876,"self":0.4047185,"total":0.4047185,"children":null},"RequestDecision":{"count":3876,"self":0.032512599999999996,"total":0.032512599999999996,"children":null}}},"DecideAction":{"count":401,"self":0.023222299999999998,"total":0.023222299999999998,"children":null},"AgentAct":{"count":401,"self":0.0049997999999999996,"total":0.0049997999999999996,"children":null}},"gauges":{},"metadata":{"timer_format_version":"0.1.0","start_time_seconds":"1673871251","unity_version":"2021.3.16f1","command_line_arguments":"C:\\Program Files\\Unity\\Hub\\Editor\\2021.3.16f1\\Editor\\Unity.exe -projectpath C:\\Users\\conor\\Documents\\GitHub\\economy_research -useHub -hubIPC -cloudEnvironment production","communication_protocol_version":"1.5.0","com.unity.ml-agents_version":"2.3.0-exp.4","scene_name":"Intransitive","end_time_seconds":"1673871283"}}