{"count":1,"self":936.7298048,"total":8477.7756269999991,"children":{"InitializeActuators":{"count":30,"self":0.001,"total":0.001,"children":null},"InitializeSensors":{"count":30,"self":0.0060000999999999995,"total":0.0060000999999999995,"children":null},"AgentSendState":{"count":574877,"self":251.5043328,"total":1430.6129478999999,"children":{"CollectObservations":{"count":1724631,"self":6.0913632,"total":6.0913634,"children":null},"WriteActionMask":{"count":1724631,"self":1104.0269312,"total":1104.0269799,"children":null},"RequestDecision":{"count":1724631,"self":18.2966496,"total":68.9902676,"children":{"AgentInfo.ToProto":{"count":1724631,"self":14.197312,"total":50.693618699999995,"children":{"GenerateSensorData":{"count":1724631,"self":36.4963072,"total":36.4963069,"children":null}}}}}}},"DecideAction":{"count":574877,"self":77.240627199999992,"total":4767.9506170999994,"children":{"Barracuda Decide Action":{"count":17246310,"self":4690.7101183999994,"total":4690.7099926,"children":null}}},"AgentAct":{"count":574877,"self":1342.4672768,"total":1342.4743031,"children":{"AgentInfo.ToProto":{"count":152,"self":0.0049981999999999995,"total":0.006998,"children":{"GenerateSensorData":{"count":152,"self":0.0019998,"total":0.0019998,"children":null}}}}}},"gauges":{"Adventurer.CumulativeReward":{"count":152,"max":1.80000019,"min":0.6,"runningAverage":0.835526347,"value":0.900000036,"weightedAverage":0.8322202}},"metadata":{"timer_format_version":"0.1.0","start_time_seconds":"1659289419","unity_version":"2021.3.1f1","command_line_arguments":"C:\\Program Files\\Unity\\Hub\\Editor\\2021.3.1f1\\Editor\\Unity.exe -projectpath C:\\Users\\Conor\\Documents\\Phd\\economy_research -useHub -hubIPC -cloudEnvironment production -licensingIpc LicenseClient-Conor -hubSessionId d98d8350-10f7-11ed-b179-53c51aa20811 -accessToken dgOlbXOe5GlfGbS2X9BE7ztMmIJ9NhaXVrjH1WRLtU4005f","communication_protocol_version":"1.5.0","com.unity.ml-agents_version":"2.1.0-exp.1","scene_name":"Intransitive","end_time_seconds":"1659297896"}}