{"count":1,"self":14.0294656,"total":459.56900079999997,"children":{"InitializeActuators":{"count":30,"self":0.0030001999999999997,"total":0.0030001999999999997,"children":null},"InitializeSensors":{"count":30,"self":0.0069977999999999993,"total":0.0069977999999999993,"children":null},"AgentSendState":{"count":17583,"self":40.934096,"total":103.10383159999999,"children":{"CollectObservations":{"count":175830,"self":0.92211539999999992,"total":0.92211539999999992,"children":null},"WriteActionMask":{"count":175830,"self":50.1893056,"total":50.189306599999995,"children":null},"RequestDecision":{"count":175830,"self":2.9061296,"total":11.058313799999999,"children":{"AgentInfo.ToProto":{"count":175830,"self":2.1884492,"total":8.1521841,"children":{"GenerateSensorData":{"count":175830,"self":5.9637348,"total":5.9637348,"children":null}}}}}}},"DecideAction":{"count":17583,"self":3.6080896,"total":226.60104289999998,"children":{"Barracuda Decide Action":{"count":527490,"self":222.9929472,"total":222.9929535,"children":null}}},"AgentAct":{"count":17583,"self":115.82366719999999,"total":115.82366169999999,"children":null}},"gauges":{},"metadata":{"timer_format_version":"0.1.0","start_time_seconds":"1673993369","unity_version":"2021.3.16f1","command_line_arguments":"C:\\Program Files\\Unity\\Hub\\Editor\\2021.3.16f1\\Editor\\Unity.exe -projectpath C:\\Users\\conor\\Documents\\GitHub\\economy_research -useHub -hubIPC -cloudEnvironment production","communication_protocol_version":"1.5.0","com.unity.ml-agents_version":"2.3.0-exp.4","scene_name":"Intransitive","end_time_seconds":"1673993829"}}